id,category,pillar,funnel_stage,title,hook,objective,platform,cta,audience_response,status
1,Missed Leads,P1,Awareness,The 7:42pm Call,"Your best lead this week called at 7:42pm. Did anyone answer?",Make after-hours leakage visceral,IG Reels/TikTok,Follow for more,That's me — I miss after-hours calls,idea
2,Missed Leads,P1,Awareness,The Voicemail Graveyard,"Open your voicemail. Count how many already hired someone else.",Show voicemail is not a safety net,IG Reels/TikTok,Follow for more,I never call those back in time,idea
3,Missed Leads,P1,Awareness,On the Roof Missing the Phone,"You were on a roof. The phone rang. They called the next guy.",Name the can't-work-and-answer bind,TikTok/IG Reels,Follow for more,Exactly — I can't do both,idea
4,Missed Leads,P1,Consideration,The Missed Call Math,"Miss 10 calls a month. Say 3 would've booked. What's a job worth?",Turn missed calls into dollars (hypothetical),IG Reels/YT Shorts,See your number (Calculator),I should add that up,idea
5,Missed Leads,P1,Awareness,The Silent Leak,"The most expensive thing in your business makes no sound.",Frame invisibility of the problem,IG Reels,Follow for more,I have no idea how many I miss,idea
6,Missed Leads,P1,Consideration,Weekend Leads Don't Wait,"Storm hits Saturday. By Monday they hired three competitors.",Seasonal/emergency urgency,TikTok/IG Reels,See your number,Weekends are my worst gap,idea
7,Missed Leads,P1,Awareness,The Lead That Called Twice,"They called once. No answer. Once more. Then never again.",Show how thin the window is,IG Reels,Follow for more,I've lost people like that,idea
8,Missed Leads,P1,Consideration,Missed Call = Missed Paycheck,"A missed call is a missed deposit, crew day, and paycheck.",Connect missed call to downstream cost,IG Reels/TikTok,See your number,It adds up to more than I think,idea
9,Missed Leads,P1,Awareness,The Phone Tag Trap,"You call back. Voicemail. They call. You're on a job. Gone.",Show phone tag as silent killer,IG Reels,Follow for more,Phone tag loses me jobs,idea
10,Revenue Leaks,P1,Consideration,You Don't Have a Marketing Problem,"You don't have a marketing problem. You have a follow-up problem.",Plant the core reframe,All,See your number,That might be true for me,idea
11,Revenue Leaks,P1,Consideration,Paying for Leads You Never Catch,"You pay for the lead, then lose it before you say hello.",Show waste of unanswered paid leads,IG Reels/LinkedIn,See your number,I'm paying twice,idea
12,Revenue Leaks,P1,Awareness,The Leak Below the Waterline,"Revenue isn't down because of sales. It's leaking below the line.",Visual metaphor for invisible loss,IG Reels,Follow for more,I need to find my leak,idea
13,Revenue Leaks,P1,Awareness,The Cost of 'I'll Call Tomorrow',"'I'll call them back tomorrow' is the most expensive sentence.",Attack the delay habit,TikTok/IG Reels,Follow for more,I say that every day,idea
14,Revenue Leaks,P1,Consideration,A Slow Reply Is a Price Increase,"Every hour you take to reply, your odds of winning drop.",Speed-to-lead as revenue lever,LinkedIn/IG Reels,See your number,Speed matters more than I knew,idea
15,Revenue Leaks,P1,Consideration,The Number Not on Any Report,"One number never shows on a report: jobs lost by being slow.",Name the unmeasured loss (hypothetical),IG Reels,See your number,I want to know that number,idea
16,Revenue Leaks,P1,Awareness,Full Calendar Leaking Pipeline,"A full calendar can hide a leaking pipeline.",Warn the busy-but-not-growing owner,LinkedIn/IG Reels,Follow for more,I'm busy but not growing,idea
17,Revenue Leaks,P1,Consideration,Three Leaks Every Business Has,"Three places every local business quietly loses money.",Listicle: missed calls/no follow-up/after-hours,IG Reels/YT Shorts,See your number,I have all three,idea
18,Revenue Leaks,P1,Consideration,The Leak You Funded with Ads,"You spent $2,000 on ads to ring the phone. Nobody answered.",Tie ad waste to response failure,LinkedIn/IG Reels,See your number,My ads work my response doesn't,idea
19,Customer Experience,P1,Awareness,How It Feels to Be Ignored,"Remember a business that never called you back? Customers feel that.",Flip to the customer's experience,IG Reels/TikTok,Follow for more,Never thought of their side,idea
20,Customer Experience,P1,Awareness,The First to Reply Wins,"Customers hire the first one that makes them feel taken care of.",Customer psychology of responsiveness,All,Follow for more,Fast beats best,idea
21,Customer Experience,P1,Awareness,Silence Feels Like No,"No reply doesn't feel like 'busy.' It feels like 'we don't want you.'",Reframe silence as a message,IG Reels,Follow for more,My silence costs trust,idea
22,Customer Experience,P1,Awareness,The Confusing Handoff,"They called, texted, filled the form — got three answers. Or none.",Show fragmented intake as failure,LinkedIn/IG Reels,Follow for more,My intake is a mess,idea
23,Customer Experience,P1,Consideration,The After-Hours Black Hole,"What happens when someone needs you at 9pm? Usually nothing.",Highlight after-hours gap,IG Reels/TikTok,See your number,Nights are a black hole,idea
24,Customer Experience,P1,Awareness,The Callback That Never Comes,"'We'll get back to you' — then you never do. They remember.",Broken-promise experience,IG Reels,Follow for more,I've dropped that ball,idea
25,Customer Experience,P1,Awareness,One Bad Intake One Bad Review,"Sometimes the 1-star isn't your work. It's never answering.",Connect intake to reputation,LinkedIn/IG Reels,Follow for more,My reviews may be about response,idea
26,Customer Experience,P1,Consideration,The Customer Who Wanted to Say Yes,"Some wanted to give you money. They couldn't reach you fast enough.",Emotional gut-punch,IG Reels/TikTok,See your number,I've lost ready buyers,idea
27,Time-Saving,P4,Consideration,Stop Being the Answering Service,"You didn't start your business to be your own answering service.",Lift responsiveness off the owner,IG Reels/LinkedIn,See how it works,I want my time back,idea
28,Time-Saving,P4,Consideration,The Follow-Up You Forget,"How many leads in your phone did you mean to follow up with?",Expose dropped follow-up,TikTok/IG Reels,See your number,Too many I forget,idea
29,Time-Saving,P2,Consideration,Five Texts You Send Every Day,"Sending the same 'when works for you?' text 10x a day is a system.",Show repetitive work as automatable,IG Reels,See how it works,I retype the same things,idea
30,Time-Saving,P4,Consideration,Win Back Your Evenings,"What would you do with the hour each night you spend chasing leads?",Sell the time outcome,IG Reels/TikTok,See how it works,I'd take my evenings back,idea
31,Time-Saving,P4,Awareness,The Sticky-Note CRM,"If your lead system is sticky notes and memory, you'll lose some.",Call out manual intake gently,LinkedIn/IG Reels,Follow for more,My system is sticky notes,idea
32,Time-Saving,P2,Consideration,Let the Boring Part Run Itself,"The follow-up nobody likes is exactly what should run itself.",Frame automation as relief,IG Reels,See how it works,I'd love to never chase,idea
33,Time-Saving,P4,Consideration,You're the Bottleneck,"Every lead waits on you. That's just what happens when it's in your head.",Non-judgmental owner-as-bottleneck,LinkedIn,See how it works,Everything runs through me,idea
34,Time-Saving,P4,Consideration,The Two-Minute Job That Takes Two Days,"A two-minute reply takes two days when you're on a ladder.",Why fast reply is structurally hard,TikTok/IG Reels,See how it works,I physically can't reply fast,idea
35,Automation Education,P2,Consideration,The 30 Seconds After Someone Calls,"Here's what should happen 30 seconds after a customer reaches out.",Walk the four stages plainly,YT Shorts/IG Reels,See how it works,That's what 'handled' looks like,idea
36,Automation Education,P2,Consideration,Capture Respond Follow Up Book,"Four things every lead needs. Most businesses do one.",Teach four stages as checklist,IG Reels/LinkedIn,See how it works,I only do the first one,idea
37,Automation Education,P2,Consideration,A Missed Call Should Text Back,"Miss a call? The customer should get a text in seconds — hands-free.",Explain instant missed-call text-back,IG Reels/TikTok,See how it works,That alone saves jobs,idea
38,Automation Education,P2,Consideration,Follow Up Day 1 3 and 7,"Most don't book on the first try. So why does follow-up stop there?",Teach multi-touch follow-up,LinkedIn/IG Reels,See how it works,I give up after one try,idea
39,Automation Education,P2,Consideration,In Your Voice Not a Robot's,"Automatic doesn't mean robotic. The reply should sound like you.",Address the 'feels fake' fear,IG Reels,See how it works,It won't sound like a robot,idea
40,Automation Education,P2,Consideration,It Knows When to Stop,"Good follow-up isn't nagging. It stops when they book or say no.",Show restraint as a feature,LinkedIn/IG Reels,See how it works,It won't annoy customers,idea
41,Automation Education,P2,Consideration,Where Your Leads Actually Live,"Every call, text, and form in one place — not scattered everywhere.",Teach single source of truth,LinkedIn,See how it works,Mine are scattered,idea
42,Automation Education,P2,Consideration,Reminders That Cut No-Shows,"Booked isn't done. A no-show is a missed job too.",Teach appointment reminders,IG Reels,See how it works,No-shows kill my schedule,idea
43,Before vs After,P2,Consideration,Before Phone Tag After Booked,"Before: three days of phone tag. After: booked before the ladder.",Contrast lived experience,IG Reels/TikTok,See how it works,I want the after,idea
44,Before vs After,P2,Consideration,A Day in the Life Two Versions,"Same day, same leads, two businesses. One called back in time.",Side-by-side day comparison,YT Shorts/IG Reels,See how it works,I'm the slow one,idea
45,Before vs After,P2,Consideration,From Hope to Certainty,"From 'I hope I didn't miss anything' to 'nothing gets missed.'",Sell peace of mind,IG Reels,See how it works,I'd love that certainty,idea
46,Before vs After,P2,Consideration,The Inbox Before and After,"Before: 14 unread, 3 cold leads, 1 forgotten. After: handled.",Visualize cleanup of chaos,IG Reels,See how it works,My inbox is the before,idea
47,Before vs After,P2,Consideration,Before You Chase After They Book,"Stop chasing leads. Let the ready ones book themselves.",Flip the effort direction,TikTok/IG Reels,See how it works,I'm tired of chasing,idea
48,Before vs After,P2,Consideration,From Sticky Notes to a System,"Before: sticky notes and memory. After: a system that never forgets.",Upgrade narrative,LinkedIn/IG Reels,See how it works,Time to upgrade,idea
49,Before vs After,P2,Consideration,Now You Sound Like the Big Company,"The big company isn't better. They answer faster. Now so do you.",Aspiration: operate bigger,All,See how it works,I want to compete with big guys,idea
50,Founder Insights,P5,Trust,Why I Fixed One Real Business First,"Before I called this a product, I ran it inside a real roofing company.",Founding-partner credibility,LinkedIn/TikTok,Follow for more,They actually did the work,idea
51,Founder Insights,P5,Conversion,Why We Won't Show a Fake Case Study,"Most would've made up the numbers by now. Here's why we won't.",Radical honesty as a stance,LinkedIn/IG Reels,Follow for more,I trust them more,idea
52,Founder Insights,P5,Trust,The Sentence That Started Valfin,"It hit me on a job site: this was never a marketing problem.",Origin reframe,TikTok/LinkedIn,Follow for more,That reframe changes things,idea
53,Founder Insights,P5,Trust,Watching a Real Business Lose Leads,"I watched a great roofer lose jobs — not to bad work, to a slow phone.",Empathy + field insight,LinkedIn/TikTok,Follow for more,That's happening to me,idea
54,Founder Insights,P5,Consideration,Why We Don't Sell AI,"People ask if we're an AI company. We're not — here's why it matters.",Positioning clarity,LinkedIn,Follow for more,Finally someone about results,idea
55,Founder Insights,P5,Trust,The Hardest Part Wasn't the Tech,"Building it was easy. Being honest about what it doesn't do yet was hard.",Vulnerability + integrity,TikTok/LinkedIn,Follow for more,Refreshingly honest,idea
56,Founder Insights,P5,Trust,What Stay After the Install Means,"We don't hand you software and disappear. We run it, and we stay.",Service principle anti-SaaS,LinkedIn,Follow for more,They won't ghost me,idea
57,Founder Insights,P5,Trust,The Number I'm Excited to Publish,"There's one number I can't wait to show you — and won't until it's real.",Build anticipation honestly,TikTok/IG Reels,Follow for more,I'll watch for that,idea
58,Industry Trends,P4,Consideration,Speed-to-Lead Is the New Word of Mouth,"Word of mouth matters. Speed-to-lead is quietly winning jobs now.",Position responsiveness as the edge,LinkedIn/IG Reels,Follow for more,I need to get faster,idea
59,Industry Trends,P4,Consideration,Customers Text Now Does Your Business,"Half your customers would rather text than call. Can they?",Channel-shift trend,IG Reels/LinkedIn,See how it works,I don't have texting set up,idea
60,Industry Trends,P4,Awareness,The Instant Reply Expectation,"Amazon trained your customers to expect instant. Your phone hasn't.",Expectation-shift trend,LinkedIn/TikTok,Follow for more,They expect instant now,idea
61,Industry Trends,P4,Awareness,Why Small Local Businesses Win Again,"The local business that responds in seconds beats the chain that waits.",Optimistic underdog trend,LinkedIn/IG Reels,Follow for more,I can win with this,idea
62,Industry Trends,P4,Awareness,Reviews Shift to Responsiveness,"Recent reviews praise the business that answered, not just the work.",Review-trend insight,LinkedIn,Follow for more,Responsiveness is the review,idea
63,Industry Trends,P4,Awareness,The Quiet Death of the Business Card,"Nobody digs your card out at 8pm. They call whoever answers.",Behavior-shift trend,TikTok/IG Reels,Follow for more,Old methods aren't working,idea
64,Industry Trends,P4,Consideration,Always On for a One-Truck Operation,"You don't need 20 employees to be available 24/7 anymore.",Small ops can look big,LinkedIn/IG Reels,See how it works,I can be always on too,idea
65,Industry Trends,P4,Awareness,The Businesses That Get This Pull Ahead,"In five years, the instant responders will have eaten everyone's lunch.",Future-pace the trend,LinkedIn,Follow for more,I don't want to be left behind,idea
66,Common Myths,P3,Consideration,Myth They'll Call Back,"Myth: 'If they want it they'll call back.' They'll call the next name.",Bust the entitlement myth,IG Reels/LinkedIn,Follow for more,I believed that and it's wrong,idea
67,Common Myths,P3,Consideration,Myth I Need More Leads,"Myth: 'I need more leads.' Most need to keep the ones they get.",Core reframe as myth-bust,All,See your number,Maybe I don't need more leads,idea
68,Common Myths,P3,Consideration,Myth Automating Feels Cold,"Myth: auto replies feel cold. Done right they feel like you got back.",Address feels-impersonal fear,IG Reels/TikTok,See how it works,It won't feel cold,idea
69,Common Myths,P3,Conversion,Myth This Is Just a Chatbot,"Myth: 'just a chatbot.' No — it catches calls, texts, forms, for days.",Bust the chatbot misconception,LinkedIn/IG Reels,Follow for more,It's not a chatbot,idea
70,Common Myths,P3,Consideration,Myth I'm Too Small,"Myth: 'this is for big companies.' Smaller means each lost lead hurts more.",Remove not-for-me objection,IG Reels/LinkedIn,See your number,This is for me too,idea
71,Common Myths,P3,Consideration,Myth My Customers Don't Text,"Myth: 'my customers don't text.' They text the businesses that text back.",Bust the channel myth,IG Reels,See how it works,Maybe they would,idea
72,Common Myths,P3,Consideration,Myth I'll Lose the Personal Touch,"Myth: 'automating loses the personal touch.' Being reachable IS the touch.",Reframe personal touch as availability,LinkedIn/TikTok,Follow for more,Reachable is the touch,idea
73,Common Myths,P3,Consideration,Myth It's Too Complicated,"Myth: 'no time to set it up.' You don't set it up. We do.",Remove effort objection,IG Reels/LinkedIn,See how it works,I don't do the work good,idea
74,Competitive Advantage,P2,Consideration,They Just Call Back Faster,"Your competitors aren't better than you. They just call back faster.",The signature brand line,All,See your number,That's the whole game,idea
75,Competitive Advantage,P4,Consideration,Beat the Big Guys at Their Game,"Big companies win on response time, not skill. Take it from them.",Underdog empowerment,LinkedIn/IG Reels,See how it works,I can out-respond them,idea
76,Competitive Advantage,P4,Consideration,The Edge Nobody Can Copy,"Anyone can copy your prices. Nobody can copy a customer you booked.",Speed as durable advantage,LinkedIn,Follow for more,Speed is my moat,idea
77,Competitive Advantage,P2,Consideration,Be the First They Actually Reach,"Being first on the list means nothing if you're not first they reach.",Reachability vs ranking,IG Reels/LinkedIn,See how it works,Reachability beats ranking,idea
78,Competitive Advantage,P4,Consideration,Win the Job Before the Quote,"Half the time the job's won before price — by whoever responded first.",Reframe when the sale is decided,LinkedIn/IG Reels,Follow for more,The race is before the quote,idea
79,Competitive Advantage,P2,Consideration,Look Like 50 Run Like 3,"Sound like a 50-person company. Run like a 3-person crew.",Punch above your weight,IG Reels/TikTok,See how it works,I want to look bigger,idea
80,Competitive Advantage,P4,Consideration,The Advantage They Don't Know You Have,"While they fight over ads, you win on the part they ignore: follow-up.",Differentiate via overlooked lever,LinkedIn,See how it works,I'll win where they aren't looking,idea
81,Business Growth,P4,Consideration,The One Number That Runs Your Business,"One number decides more jobs than your price: how fast you respond.",Teach speed-to-lead as a KPI,LinkedIn/IG Reels,Follow for more,I should track that,idea
82,Business Growth,P4,Consideration,Growth Is Less Leakage,"The fastest growth most owners can get is plugging the leaks.",Reframe growth,LinkedIn,See your number,Plug leaks before ads,idea
83,Business Growth,P4,Consideration,Systems Beat Hustle,"You can't out-hustle a missed call at 9pm. A system can catch it.",Systems over willpower,IG Reels/TikTok,See how it works,Can't hustle out of this,idea
84,Business Growth,P4,Consideration,What Gets Measured Gets Fixed,"You can't fix a leak you can't see. Step one is measuring it.",Push toward the Calculator,LinkedIn/IG Reels,See your number,Let me measure mine,idea
85,Business Growth,P4,Consideration,The Cheapest Marketing,"Before you spend another dollar on ads, answer the leads you have.",ROI-of-response lesson,All,See your number,Fix response before ad spend,idea
86,Business Growth,P4,Consideration,Reinvest in the Leak,"Pouring more water into a leaking bucket is not a growth strategy.",Bucket metaphor,LinkedIn/IG Reels,See your number,Fix the bucket first,idea
87,Business Growth,P4,Consideration,A Business That Runs at 9pm,"A real business works while you sleep. Does yours?",Owner-freedom lesson,LinkedIn/TikTok,See how it works,I want that,idea
88,Business Growth,P4,Consideration,The Compounding Cost of Later,"One 'deal with it later' is cheap. A year of them is your biggest expense.",Compounding-loss lesson,IG Reels/LinkedIn,See your number,It's cost me for years,idea
89,Customer Psychology,P4,Awareness,Why People Hire the First Responder,"When something's broken, people hire whoever picks up first.",Teach urgency psychology,IG Reels/LinkedIn,Follow for more,Urgency beats comparison,idea
90,Customer Psychology,P1,Awareness,Anxiety Buys Fast,"A leaking roof isn't a purchase. It's a panic. Panic hires fast.",Emotional-state psychology,TikTok/IG Reels,Follow for more,They're stressed not shopping,idea
91,Customer Psychology,P4,Consideration,The Relief of a Fast Reply,"The moment a stressed customer hears back, they relax — and they're yours.",Response as emotional relief,IG Reels,See how it works,A fast reply wins them,idea
92,Customer Psychology,P4,Awareness,They Remember Who Made Them Feel Safe,"Customers forget your price. They remember who took care of them fast.",Memory + trust psychology,LinkedIn/IG Reels,Follow for more,Speed builds loyalty,idea
93,Customer Psychology,P4,Awareness,The Decision Is in the First Reply,"By the time you send a quote, many already decided — on your speed.",First-impression psychology,LinkedIn,Follow for more,The first reply decides,idea
94,Customer Psychology,P1,Awareness,Silence Breeds Doubt,"Every minute of silence, they wonder if you're reliable.",Trust-erosion psychology,IG Reels,Follow for more,My silence makes them doubt,idea
95,Customer Psychology,P4,Consideration,Why Just Following Up Closes Jobs,"Most don't say no. They go quiet. A follow-up brings half back.",Follow-up psychology,LinkedIn/IG Reels,See how it works,I give up too soon,idea
96,Customer Psychology,P4,Consideration,Convenience Beats Loyalty,"Your customer liked you. Then a competitor made yes easier.",Convenience psychology,IG Reels/TikTok,See how it works,Make yes easy,idea
97,Cross-Category,P1,Consideration,The 60-Second Test,"Call your own business from an unknown number. See what a customer gets.",The mystery-customer challenge,TikTok/IG Reels,See your number,Scared to try means I should,idea
98,Cross-Category,P2,Consideration,A Lead's Journey Start to Booked,"Follow one lead from missed call to booked — in under a minute.",Narrative walkthrough of the system,YT Shorts/IG Reels,See how it works,Now I get the whole picture,idea
99,Cross-Category,P5,Trust,What I'd Tell My Younger Self,"One thing for every new owner: answer faster than you think you need to.",Founder wisdom + speed lesson,TikTok/LinkedIn,Follow for more,Simple advice I needed,idea
100,Cross-Category,P2,Conversion,See Your Number in 60 Seconds,"Stop guessing what slow follow-up costs. In 60 seconds, see your number.",Direct Calculator conversion piece,All,See your number (Calculator),I'll find out right now,idea
